INSERT INTO app_user (id, username, password, useremail, userfirstname, userlastname, useraddress, userenabled, userconfirmationtoken, userdatecreated, usercreatedby, userdatemodified, usermodifiedby) VALUES ('1', 'admin', '$2a$10$PMwJN.kvwxGCP6cyWFU.4uxAFKPp2aRF.0vRFJl1F27IqzitqflLC', 'admin@mydomain.com', 'Bharat', 'Kumar', 'address', TRUE, 'abcd-efgh-ijkl-mnop', {ts   '1950-09-17 18:47:52.69'}, 'admin', {ts '1950-09-17 18:47:52.69'}, 'admin');   
INSERT INTO app_user (id, username, password, useremail, userfirstname, userlastname, useraddress, userenabled, userconfirmationtoken, userdatecreated, usercreatedby, userdatemodified, usermodifiedby) VALUES ('2', 'admin1', '$2a$10$PMwJN.kvwxGCP6cyWFU.4uxAFKPp2aRF.0vRFJl1F27IqzitqflLC', 'admin1@mydomain.com', 'Virat', 'Kumar', 'address', FALSE, 'abcd-efgh-ijkl-mnop', {ts   '1950-09-17 18:47:52.69'}, 'admin', {ts '1950-09-17 18:47:52.69'}, 'admin');
INSERT INTO app_user (id, username, password, useremail, userfirstname, userlastname, useraddress, userenabled, userconfirmationtoken, userdatecreated, usercreatedby, userdatemodified, usermodifiedby) VALUES ('3', 'admin2', '$2a$10$PMwJN.kvwxGCP6cyWFU.4uxAFKPp2aRF.0vRFJl1F27IqzitqflLC', 'admin2@mydomain.com', 'Ajay', 'Kumar', 'address', TRUE, 'abcd-efgh-ijkl-mnop', {ts   '1950-09-17 18:47:52.69'}, 'admin', {ts '1950-09-17 18:47:52.69'}, 'admin');
INSERT INTO app_user (id, username, password, useremail, userfirstname, userlastname, useraddress, userenabled, userconfirmationtoken, userdatecreated, usercreatedby, userdatemodified, usermodifiedby) VALUES ('4', 'admin3', '$2a$10$PMwJN.kvwxGCP6cyWFU.4uxAFKPp2aRF.0vRFJl1F27IqzitqflLC', 'admin3@mydomain.com', 'Akhilesh', 'Kumar', 'address', TRUE, 'abcd-efgh-ijkl-mnop', {ts   '1950-09-17 18:47:52.69'}, 'admin', {ts '1950-09-17 18:47:52.69'}, 'admin');
INSERT INTO app_user (id, username, password, useremail, userfirstname, userlastname, useraddress, userenabled, userconfirmationtoken, userdatecreated, usercreatedby, userdatemodified, usermodifiedby) VALUES ('5', 'admin4', '$2a$10$PMwJN.kvwxGCP6cyWFU.4uxAFKPp2aRF.0vRFJl1F27IqzitqflLC', 'admin4@mydomain.com', 'Girish', 'Kumar', 'address', FALSE, 'abcd-efgh-ijkl-mnop', {ts   '1960-09-17 18:47:52.69'}, 'admin', {ts '1960-09-17 18:47:52.69'}, 'admin');
INSERT INTO app_user (id, username, password, useremail, userfirstname, userlastname, useraddress, userenabled, userconfirmationtoken, userdatecreated, usercreatedby, userdatemodified, usermodifiedby) VALUES ('6', 'admin5', '$2a$10$PMwJN.kvwxGCP6cyWFU.4uxAFKPp2aRF.0vRFJl1F27IqzitqflLC', 'admin5@mydomain.com', 'Jagat', 'Kumar', 'address', TRUE, 'abcd-efgh-ijkl-mnop', {ts   '1960-09-17 18:47:52.69'}, 'admin', {ts '1960-09-17 18:47:52.69'}, 'admin');
INSERT INTO app_user (id, username, password, useremail, userfirstname, userlastname, useraddress, userenabled, userconfirmationtoken, userdatecreated, usercreatedby, userdatemodified, usermodifiedby) VALUES ('7', 'admin6', '$2a$10$PMwJN.kvwxGCP6cyWFU.4uxAFKPp2aRF.0vRFJl1F27IqzitqflLC', 'admin6@mydomain.com', 'Bhagat', 'Kumar', 'address', FALSE, 'abcd-efgh-ijkl-mnop', {ts   '1960-09-17 18:47:52.69'}, 'admin', {ts '1960-09-17 18:47:52.69'}, 'admin');
INSERT INTO app_user (id, username, password, useremail, userfirstname, userlastname, useraddress, userenabled, userconfirmationtoken, userdatecreated, usercreatedby, userdatemodified, usermodifiedby) VALUES ('8', 'admin7', '$2a$10$PMwJN.kvwxGCP6cyWFU.4uxAFKPp2aRF.0vRFJl1F27IqzitqflLC', 'admin7@mydomain.com', 'Vistaar', 'Kumar', 'address', FALSE, 'abcd-efgh-ijkl-mnop', {ts   '1960-09-17 18:47:52.69'}, 'admin', {ts '1960-09-17 18:47:52.69'}, 'admin');
INSERT INTO app_user (id, username, password, useremail, userfirstname, userlastname, useraddress, userenabled, userconfirmationtoken, userdatecreated, usercreatedby, userdatemodified, usermodifiedby) VALUES ('9', 'admin8', '$2a$10$PMwJN.kvwxGCP6cyWFU.4uxAFKPp2aRF.0vRFJl1F27IqzitqflLC', 'admin8@mydomain.com', 'Prafull', 'Kumar', 'address', FALSE, 'abcd-efgh-ijkl-mnop', {ts   '1980-09-17 18:47:52.69'}, 'admin', {ts '1980-09-17 18:47:52.69'}, 'admin');
INSERT INTO app_user (id, username, password, useremail, userfirstname, userlastname, useraddress, userenabled, userconfirmationtoken, userdatecreated, usercreatedby, userdatemodified, usermodifiedby) VALUES ('10', 'admin9', '$2a$10$PMwJN.kvwxGCP6cyWFU.4uxAFKPp2aRF.0vRFJl1F27IqzitqflLC', 'admin9@mydomain.com', 'Nishchal', 'Kumar', 'address', FALSE, 'abcd-efgh-ijkl-mnop', {ts   '1980-09-17 18:47:52.69'}, 'admin', {ts '1980-09-17 18:47:52.69'}, 'admin');
INSERT INTO app_user (id, username, password, useremail, userfirstname, userlastname, useraddress, userenabled, userconfirmationtoken, userdatecreated, usercreatedby, userdatemodified, usermodifiedby) VALUES ('11', 'admin10', '$2a$10$PMwJN.kvwxGCP6cyWFU.4uxAFKPp2aRF.0vRFJl1F27IqzitqflLC', 'admin10@mydomain.com', 'Vishesh', 'Kumar', 'address', FALSE, 'abcd-efgh-ijkl-mnop', {ts   '1980-09-17 18:47:52.69'}, 'admin', {ts '1980-09-17 18:47:52.69'}, 'admin');
INSERT INTO app_user (id, username, password, useremail, userfirstname, userlastname, useraddress, userenabled, userconfirmationtoken, userdatecreated, usercreatedby, userdatemodified, usermodifiedby) VALUES ('12', 'admin11', '$2a$10$PMwJN.kvwxGCP6cyWFU.4uxAFKPp2aRF.0vRFJl1F27IqzitqflLC', 'admin11@mydomain.com', 'Rajat', 'Kumar', 'address', FALSE, 'abcd-efgh-ijkl-mnop', {ts   '1980-09-17 18:47:52.69'}, 'admin', {ts '1980-09-17 18:47:52.69'}, 'admin');
INSERT INTO app_user (id, username, password, useremail, userfirstname, userlastname, useraddress, userenabled, userconfirmationtoken, userdatecreated, usercreatedby, userdatemodified, usermodifiedby) VALUES ('13', 'admin12', '$2a$10$PMwJN.kvwxGCP6cyWFU.4uxAFKPp2aRF.0vRFJl1F27IqzitqflLC', 'admin12@mydomain.com', 'Prakat', 'Kumar', 'address', TRUE, 'abcd-efgh-ijkl-mnop', {ts   '1990-09-17 18:47:52.69'}, 'admin', {ts '1990-09-17 18:47:52.69'}, 'admin');
INSERT INTO app_user (id, username, password, useremail, userfirstname, userlastname, useraddress, userenabled, userconfirmationtoken, userdatecreated, usercreatedby, userdatemodified, usermodifiedby) VALUES ('14', 'admin13', '$2a$10$PMwJN.kvwxGCP6cyWFU.4uxAFKPp2aRF.0vRFJl1F27IqzitqflLC', 'admin13@mydomain.com', 'Anand', 'Kumar', 'address', FALSE, 'abcd-efgh-ijkl-mnop', {ts   '1990-09-17 18:47:52.69'}, 'admin', {ts '1990-09-17 18:47:52.69'}, 'admin');
INSERT INTO app_user (id, username, password, useremail, userfirstname, userlastname, useraddress, userenabled, userconfirmationtoken, userdatecreated, usercreatedby, userdatemodified, usermodifiedby) VALUES ('15', 'admin14', '$2a$10$PMwJN.kvwxGCP6cyWFU.4uxAFKPp2aRF.0vRFJl1F27IqzitqflLC', 'admin14@mydomain.com', 'Prahlad', 'Kumar', 'address', FALSE, 'abcd-efgh-ijkl-mnop', {ts   '2000-09-17 18:47:52.69'}, 'admin', {ts '2000-09-17 18:47:52.69'}, 'admin');
INSERT INTO app_user (id, username, password, useremail, userfirstname, userlastname, useraddress, userenabled, userconfirmationtoken, userdatecreated, usercreatedby, userdatemodified, usermodifiedby) VALUES ('16', 'admin15', '$2a$10$PMwJN.kvwxGCP6cyWFU.4uxAFKPp2aRF.0vRFJl1F27IqzitqflLC', 'admin15@mydomain.com', 'Vishnu', 'Kumar', 'address', TRUE, 'abcd-efgh-ijkl-mnop', {ts   '2000-09-17 18:47:52.69'}, 'admin', {ts '2000-09-17 18:47:52.69'}, 'admin');
INSERT INTO app_user (id, username, password, useremail, userfirstname, userlastname, useraddress, userenabled, userconfirmationtoken, userdatecreated, usercreatedby, userdatemodified, usermodifiedby) VALUES ('17', 'admin16', '$2a$10$PMwJN.kvwxGCP6cyWFU.4uxAFKPp2aRF.0vRFJl1F27IqzitqflLC', 'admin6@mydomain.com', 'Bhagat', 'Kumar', 'address', TRUE, 'abcd-efgh-ijkl-mnop', {ts   '1960-09-17 18:47:52.69'}, 'admin', {ts '1960-09-17 18:47:52.69'}, 'admin');
INSERT INTO app_user (id, username, password, useremail, userfirstname, userlastname, useraddress, userenabled, userconfirmationtoken, userdatecreated, usercreatedby, userdatemodified, usermodifiedby) VALUES ('18', 'admin17', '$2a$10$PMwJN.kvwxGCP6cyWFU.4uxAFKPp2aRF.0vRFJl1F27IqzitqflLC', 'admin7@mydomain.com', 'Vistaar', 'Kumar', 'address', TRUE, 'abcd-efgh-ijkl-mnop', {ts   '1960-09-17 18:47:52.69'}, 'admin', {ts '1960-09-17 18:47:52.69'}, 'admin');
INSERT INTO app_user (id, username, password, useremail, userfirstname, userlastname, useraddress, userenabled, userconfirmationtoken, userdatecreated, usercreatedby, userdatemodified, usermodifiedby) VALUES ('19', 'admin18', '$2a$10$PMwJN.kvwxGCP6cyWFU.4uxAFKPp2aRF.0vRFJl1F27IqzitqflLC', 'admin8@mydomain.com', 'Prafull', 'Kumar', 'address', TRUE, 'abcd-efgh-ijkl-mnop', {ts   '1980-09-17 18:47:52.69'}, 'admin', {ts '1980-09-17 18:47:52.69'}, 'admin');
INSERT INTO app_user (id, username, password, useremail, userfirstname, userlastname, useraddress, userenabled, userconfirmationtoken, userdatecreated, usercreatedby, userdatemodified, usermodifiedby) VALUES ('20', 'admin19', '$2a$10$PMwJN.kvwxGCP6cyWFU.4uxAFKPp2aRF.0vRFJl1F27IqzitqflLC', 'admin9@mydomain.com', 'Nishchal', 'Kumar', 'address', TRUE, 'abcd-efgh-ijkl-mnop', {ts   '1980-09-17 18:47:52.69'}, 'admin', {ts '1980-09-17 18:47:52.69'}, 'admin');
INSERT INTO app_user (id, username, password, useremail, userfirstname, userlastname, useraddress, userenabled, userconfirmationtoken, userdatecreated, usercreatedby, userdatemodified, usermodifiedby) VALUES ('21', 'admin20', '$2a$10$PMwJN.kvwxGCP6cyWFU.4uxAFKPp2aRF.0vRFJl1F27IqzitqflLC', 'admin10@mydomain.com', 'Vishesh', 'Kumar', 'address', TRUE, 'abcd-efgh-ijkl-mnop', {ts   '1980-09-17 18:47:52.69'}, 'admin', {ts '1980-09-17 18:47:52.69'}, 'admin');
INSERT INTO app_user (id, username, password, useremail, userfirstname, userlastname, useraddress, userenabled, userconfirmationtoken, userdatecreated, usercreatedby, userdatemodified, usermodifiedby) VALUES ('22', 'admin21', '$2a$10$PMwJN.kvwxGCP6cyWFU.4uxAFKPp2aRF.0vRFJl1F27IqzitqflLC', 'admin11@mydomain.com', 'Rajat', 'Kumar', 'address', TRUE, 'abcd-efgh-ijkl-mnop', {ts   '1980-09-17 18:47:52.69'}, 'admin', {ts '1980-09-17 18:47:52.69'}, 'admin');
INSERT INTO app_user (id, username, password, useremail, userfirstname, userlastname, useraddress, userenabled, userconfirmationtoken, userdatecreated, usercreatedby, userdatemodified, usermodifiedby) VALUES ('23', 'admin22', '$2a$10$PMwJN.kvwxGCP6cyWFU.4uxAFKPp2aRF.0vRFJl1F27IqzitqflLC', 'admin12@mydomain.com', 'Prakat', 'Kumar', 'address', TRUE, 'abcd-efgh-ijkl-mnop', {ts   '1990-09-17 18:47:52.69'}, 'admin', {ts '1990-09-17 18:47:52.69'}, 'admin');
INSERT INTO app_user (id, username, password, useremail, userfirstname, userlastname, useraddress, userenabled, userconfirmationtoken, userdatecreated, usercreatedby, userdatemodified, usermodifiedby) VALUES ('24', 'admin23', '$2a$10$PMwJN.kvwxGCP6cyWFU.4uxAFKPp2aRF.0vRFJl1F27IqzitqflLC', 'admin13@mydomain.com', 'Anand', 'Kumar', 'address', TRUE, 'abcd-efgh-ijkl-mnop', {ts   '1990-09-17 18:47:52.69'}, 'admin', {ts '1990-09-17 18:47:52.69'}, 'admin');
INSERT INTO app_user (id, username, password, useremail, userfirstname, userlastname, useraddress, userenabled, userconfirmationtoken, userdatecreated, usercreatedby, userdatemodified, usermodifiedby) VALUES ('25', 'admin24', '$2a$10$PMwJN.kvwxGCP6cyWFU.4uxAFKPp2aRF.0vRFJl1F27IqzitqflLC', 'admin14@mydomain.com', 'Prahlad', 'Kumar', 'address', TRUE, 'abcd-efgh-ijkl-mnop', {ts   '2000-09-17 18:47:52.69'}, 'admin', {ts '2000-09-17 18:47:52.69'}, 'admin');
INSERT INTO app_user (id, username, password, useremail, userfirstname, userlastname, useraddress, userenabled, userconfirmationtoken, userdatecreated, usercreatedby, userdatemodified, usermodifiedby) VALUES ('26', 'admin25', '$2a$10$PMwJN.kvwxGCP6cyWFU.4uxAFKPp2aRF.0vRFJl1F27IqzitqflLC', 'admin15@mydomain.com', 'Vishnu', 'Kumar', 'address', TRUE, 'abcd-efgh-ijkl-mnop', {ts   '2000-09-17 18:47:52.69'}, 'admin', {ts '2000-09-17 18:47:52.69'}, 'admin');

INSERT INTO app_role (id, name) VALUES ('1', 'ADMIN');
INSERT INTO app_role (id, name) VALUES ('2', 'EDITOR');
INSERT INTO app_role (id, name) VALUES ('3', 'VIEWER');
INSERT INTO app_role (id, name) VALUES ('4', 'TASKCREATOR');
INSERT INTO app_role (id, name) VALUES ('5', 'TASKEDITOR');
INSERT INTO app_role (id, name) VALUES ('6', 'TASKVIEWER');


INSERT INTO app_user_role (userid, roleid) VALUES ('1', '1');
INSERT INTO app_user_role (userid, roleid) VALUES ('1', '2');
INSERT INTO app_user_role (userid, roleid) VALUES ('1', '3');
INSERT INTO app_user_role (userid, roleid) VALUES ('1', '4');
INSERT INTO app_user_role (userid, roleid) VALUES ('1', '5');
INSERT INTO app_user_role (userid, roleid) VALUES ('1', '6');

INSERT INTO app_user_role (userid, roleid) VALUES ('2', '2');
INSERT INTO app_user_role (userid, roleid) VALUES ('2', '3');
INSERT INTO app_user_role (userid, roleid) VALUES ('2', '4');
INSERT INTO app_user_role (userid, roleid) VALUES ('2', '5');
INSERT INTO app_user_role (userid, roleid) VALUES ('2', '6');

INSERT INTO app_user_role (userid, roleid) VALUES ('3', '2');
INSERT INTO app_user_role (userid, roleid) VALUES ('3', '3');
INSERT INTO app_user_role (userid, roleid) VALUES ('3', '5');
INSERT INTO app_user_role (userid, roleid) VALUES ('3', '6');

INSERT INTO app_user_role (userid, roleid) VALUES ('4', '2');
INSERT INTO app_user_role (userid, roleid) VALUES ('4', '3');
INSERT INTO app_user_role (userid, roleid) VALUES ('4', '5');
INSERT INTO app_user_role (userid, roleid) VALUES ('4', '6');

INSERT INTO app_user_role (userid, roleid) VALUES ('5', '3');
INSERT INTO app_user_role (userid, roleid) VALUES ('5', '6');

INSERT INTO app_user_role (userid, roleid) VALUES ('6', '3');
INSERT INTO app_user_role (userid, roleid) VALUES ('7', '2');
INSERT INTO app_user_role (userid, roleid) VALUES ('7', '3');
INSERT INTO app_user_role (userid, roleid) VALUES ('8', '2');
INSERT INTO app_user_role (userid, roleid) VALUES ('8', '3');
INSERT INTO app_user_role (userid, roleid) VALUES ('9', '2');
INSERT INTO app_user_role (userid, roleid) VALUES ('9', '3');
INSERT INTO app_user_role (userid, roleid) VALUES ('10', '3');
INSERT INTO app_user_role (userid, roleid) VALUES ('11', '3');
INSERT INTO app_user_role (userid, roleid) VALUES ('12', '2');
INSERT INTO app_user_role (userid, roleid) VALUES ('12', '3');
INSERT INTO app_user_role (userid, roleid) VALUES ('13', '3');
INSERT INTO app_user_role (userid, roleid) VALUES ('14', '2');
INSERT INTO app_user_role (userid, roleid) VALUES ('14', '3');
INSERT INTO app_user_role (userid, roleid) VALUES ('15', '2');
INSERT INTO app_user_role (userid, roleid) VALUES ('15', '3');
INSERT INTO app_user_role (userid, roleid) VALUES ('16', '3');
INSERT INTO app_user_role (userid, roleid) VALUES ('17', '2');
INSERT INTO app_user_role (userid, roleid) VALUES ('17', '3');
INSERT INTO app_user_role (userid, roleid) VALUES ('18', '2');
INSERT INTO app_user_role (userid, roleid) VALUES ('18', '3');
INSERT INTO app_user_role (userid, roleid) VALUES ('19', '2');
INSERT INTO app_user_role (userid, roleid) VALUES ('19', '3');
INSERT INTO app_user_role (userid, roleid) VALUES ('20', '3');
INSERT INTO app_user_role (userid, roleid) VALUES ('21', '3');
INSERT INTO app_user_role (userid, roleid) VALUES ('22', '2');
INSERT INTO app_user_role (userid, roleid) VALUES ('22', '3');
INSERT INTO app_user_role (userid, roleid) VALUES ('23', '3');
INSERT INTO app_user_role (userid, roleid) VALUES ('24', '2');
INSERT INTO app_user_role (userid, roleid) VALUES ('24', '3');
INSERT INTO app_user_role (userid, roleid) VALUES ('25', '2');
INSERT INTO app_user_role (userid, roleid) VALUES ('25', '3');

INSERT INTO app_user_role (userid, roleid) VALUES ('26', '1');
INSERT INTO app_user_role (userid, roleid) VALUES ('26', '2');
INSERT INTO app_user_role (userid, roleid) VALUES ('26', '3');
INSERT INTO app_user_role (userid, roleid) VALUES ('26', '4');
INSERT INTO app_user_role (userid, roleid) VALUES ('26', '5');
INSERT INTO app_user_role (userid, roleid) VALUES ('26', '6');

INSERT INTO app_user_profile (id, designation, followers, friends, fans, datemodified, nickname, 
education, location, skills, notes, whitepapers, testimonials, inventions, awards, profilepic, user_id) VALUES
 ('1', 'Principal Architect', '12345', '2345', '345', '2020-05-15', 'SpringBoot Rocks', 
 'Masters in Spring Boot, JPA, Thymeleaf, FileNet, MongoDB, Alfresco, Amazon S3 Services, Java, J2EE, Java-Web And Learning More...', 'Github', 'SPRINGBOOT', 'https://github.com/ajkr195/SpringBootFlashy', 
 'https://github.com/ajkr195/SpringBootFlashy Some really long text goes here. Some really long text 
 goes here. Some really long text goes here. Some really long text goes here. Some really long text goes 
 here. Some really long text goes here. Some really long text goes here. Some really long text goes here. ', 
 'https://github.com/ajkr195/SpringBootFlashy Some really long text goes here. Some really long text goes 
 here. Some really long text goes here. Some really long text goes here. Some really long text goes here. 
 Some really long text goes here. Some really long text goes here. Some really long text goes here. ',
  'https://github.com/ajkr195/SpringBootFlashy Some really long text goes here. Some really long text goes 
  here. Some really long text goes here. Some really long text goes here. Some really long text goes here. 
  Some really long text goes here. Some really long text goes here. Some really long text goes here. ',
   'https://github.com/ajkr195/SpringBootFlashy Some really long text goes here. Some really long text 
   goes here. Some really long text goes here. Some really long text goes here. Some really long text 
   goes here. Some really long text goes here. Some really long text goes here. Some really long text goes here. ', null,'1');
   
INSERT INTO app_task (id, taskname, taskdescription, taskunitnumber, taskunit, taskdatecreated,taskcreatedby, taskdatemodified, taskmodifiedby, taskcompleted) VALUES ('1','SpringBoot is De-Facto','Description','1','days','2020-05-17','admin','2020-05-17','admin',FALSE);
INSERT INTO app_task (id, taskname, taskdescription, taskunitnumber, taskunit, taskdatecreated,taskcreatedby, taskdatemodified, taskmodifiedby, taskcompleted) VALUES ('2','SpringBoot is Nice','Description','5','years','2020-05-17','admin','2020-05-17','admin',FALSE);
INSERT INTO app_task (id, taskname, taskdescription, taskunitnumber, taskunit, taskdatecreated,taskcreatedby, taskdatemodified, taskmodifiedby, taskcompleted) VALUES ('3','SpringBoot is Rocking','Description','30','years','2020-05-17','admin','2020-05-17','admin',FALSE);
INSERT INTO app_task (id, taskname, taskdescription, taskunitnumber, taskunit, taskdatecreated,taskcreatedby, taskdatemodified, taskmodifiedby, taskcompleted) VALUES ('4','SpringBoot is easy','Description','1','days','2020-05-17','admin','2020-05-17','admin',FALSE);
INSERT INTO app_task (id, taskname, taskdescription, taskunitnumber, taskunit, taskdatecreated,taskcreatedby, taskdatemodified, taskmodifiedby, taskcompleted) VALUES ('5','SpringBoot is awesome','Description','30','weeks','2020-05-17','admin','2020-05-17','admin',FALSE);
INSERT INTO app_task (id, taskname, taskdescription, taskunitnumber, taskunit, taskdatecreated,taskcreatedby, taskdatemodified, taskmodifiedby, taskcompleted) VALUES ('6','SpringBoot is fun','Description','30','months','2020-05-17','admin','2020-05-17','admin',FALSE);
INSERT INTO app_task (id, taskname, taskdescription, taskunitnumber, taskunit, taskdatecreated,taskcreatedby, taskdatemodified, taskmodifiedby, taskcompleted) VALUES ('7','SpringBoot is wonderful','Description','30','years','2020-05-17','admin','2020-05-17','admin',FALSE);
